word,count
丈夫,1
三爷,1
上位,1
上唱,1
上扬,1
上映,1
上班,1
下单,8
下巴,5
下颚,1
不了,1
不会,5
不信,1
不到,2
不婚,1
不得,1
不想,1
不成,1
不料,1
不止,1
不用,3
不能,1
不行,1
不衰,1
不该,2
世俗,2
世界,2
东西,2
个人,6
中森明,1
主人,1
主打,4
主持,1
主持人,2
主角,2
主题,1
举子,1
之谜,2
乘子,1
乞修龄,1
习惯性,1
买买,1
买家,1
乱鸦,1
乳化,35
乳木,2
乳液,17
了开,4
了来,1
了满,1
了用,1
了解,1
了请,1
争取,1
事业,6
事实,1
云端,1
五官,2
亚洲,1
交流,1
交际花,1
产出,1
产品,35
享受,2
京剧,1
人家,2
人心,1
人心神,2
人情味儿,1
人才,1
人物,3
人生,2
人称,1
从容,1
付出,1
付费,1
仙女,1
仙姑,2
代理,1
代表,1
代言人,1
代餐,1
价值,3
伊索,2
优势,1
优惠,1
优惠券,1
伤疤,1
伦纳,2
估计,2
位置,1
低头,1
体质,1
体香,1
佛爷,1
作品,1
作地,1
作天,1
作画,1
作者,3
使用,35
便是,1
保养,1
保养品,1
保命,1
保湿,33
保濕,1
保留,5
信仰,1
信息,2
修图,1
修复,160
修护,21
倒戈,1
倒数,1
借个火,1
值得,1
假滑,1
偏执,2
停车,1
健殖,1
偷窥,1
像是,1
允许,1
元券,27
光影,1
光泽,2
光照,1
光芒,4
光阴,1
兔子,1
入送,1
內鱼,1
全网,1
全部,2
八卦,1
八字,4
公主,4
公众,24
公布,2
公认,2
共同点,1
关注,1
关系,1
关键,1
关键词,1
养成,1
内容,1
内心,1
内涵,1
再次出现,1
冒险,1
写作,2
写真,1
写错,1
冰山,1
冰雨,1
冲术,1
冲突,1
冲绳,1
决定,1
冷漠,1
冷血,1
冷面,1
净透,1
凝脂,1
凶凶,5
出于,2
出名,1
出品,1
出征,1
出掉,1
出来,4
出现,4
出镜,1
分享,4
分寸,1
分章,1
别拍,1
别致,1
刮风,1
制造,1
刷到,2
刷爱,1
券后,1
刺让,1
前程似锦,1
剖析,3
剧情,3
剧本,1
剧版镇,1
剧组,1
力气,1
力量,3
加上,5
加油,2
加美,1
加赠,1
动态,1
动摇,1
劲儿,1
勇气,1
包围,1
包括,2
包装,1
包邮,3
化妆水,2
北京,1
北音,1
医仙,1
医学,34
医用,7
半拍,1
半生,1
半面,1
单品,1
单子,1
单身,1
卖弄,2
南庄,1
博主,3
博浪,1
印象,1
卸下,1
卸妆,1
压马路,1
原价,2
原因,1
原有,3
原本,4
去掉,1
参考,1
双人,1
双女,1
双行,1
反应,4
反派,1
发到,1
发型,1
发小,1
发展,1
发布,1
发是,1
发现,5
发生,2
发达,1
取名,1
取向,1
受到,1
变为,1
变化,5
变成,3
口袋,1
古典,1
叨叨,1
只能,1
只见,1
叫做,1
可怜,1
可惜,2
可溶性,1
可爱,11
可真,1
可破,1
可能,6
台词,1
右位,1
号称,4
吃货,2
合婚,4
合影,1
合照,1
同事,1
同款,10
名利,1
名字,1
后台,2
后悔,1
后续,1
吐露,1
含有,1
听到,1
听完,1
吵架,1
吵醒,1
吸味盖,1
吸引,1
吸收,33
吹干,1
吹弹,1
吹气,1
告别,1
呕吐,1
呜咽,1
味道,3
和猫,1
咒术,1
咖喱,1
品味,1
品牌,1
哥哥,3
哭成,1
唇色,1
唇部,1
售价,3
售罄,2
商场,1
喊话,3
喜欢,12
喷香,1
嘴唇,1
嘴巴,2
囊力,1
回头,7
回家,1
回忆,1
回战,1
回望,1
回购,1
回避,1
团购,1
囤货,3
困扰,2
国剧,1
图虫,1
圈内,1
地点,1
场子,1
坐下,1
坐过,1
坠入,1
垃圾袋,1
垫高,4
城堡,1
基础,1
堪比,1
塌陷,4
填充,4
处长,1
复制,2
复古,1
外加,1
外卖,24
外室,1
外链,1
大人,1
大包装,2
大叔,1
大哭,1
大姐,1
大嫂,1
大学,1
大学生,1
大家,3
大师,1
大洋,1
大海,1
大白菜,1
大笑,1
大腿,1
大运,2
天意,1
天气,3
天灯,6
天鹅湖,1
太太,1
太帅,9
太平,1
夫人,1
失去,4
失忆,1
失落,2
奋斗,1
套装,1
女主,4
女人,1
女儿,1
女士,1
女孩,2
女孩子,2
女巫,1
女性,3
女演员,1
女王,3
女神,3
奶油,1
好人,3
好像,1
好吃,1
好喝,1
好头,1
好学,1
好感,1
好玩,1
好看,4
好闻,1
如厕,1
如愿,1
如苏,1
妇科,1
妈妈,1
妖却,1
妹妹,2
姐夫,1
姐妹,2
姐姐,6
姐是,1
姑娘,2
姨争,1
娃娃,1
娇妻,1
娱乐,2
娱圈,1
婚姻,3
婴儿,2
媚术,1
嫁给,1
嫌多,1
孕妇,33
字型,4
存粮,1
学业,1
学习,1
学校,1
学生,7
守护,1
安利,1
安排,1
完结,1
完蛋,1
宏图,1
定准,1
定妆,1
定花,1
实现,1
实用,1
宠儿,1
宠妻,1
宠确幸,1
审美,2
客户,1
客服,1
客栈,1
宣传,2
室友,1
宫颈,1
家园,1
寡情,1
对方,2
对称,4
对策,1
导致,4
将军,1
小哥,8
小学,1
小孩,1
小护士,1
小时,2
小时候,1
小猫,1
小花,1
小说,2
小辫儿,1
少女,4
就算,3
尽失,1
尾巴,2
屁股,1
屋檐下,1
屏障,1
展现,1
展露,1
山根,4
崩溃,1
工作室,1
工厂,1
左京,1
差点,1
布衣,1
布裹,1
帅气,1
希望,4
带上,2
带来,1
帮助,1
干嘛,1
干裂,1
平价,5
平生,1
年终总结,1
年货,25
床上,1
序曲,1
库存,1
应从,1
应该,3
建议,1
开启,1
开始,10
开心,4
开播,1
开着,1
异域,1
异性,1
弟弟,3
弥生,1
弥补,1
强占,1
强推,1
强者,2
强随,1
归属感,1
当红,1
形式,2
影响,1
很漂亮,3
很膈,1
得住,2
得到,1
得意,2
徘徊,1
循环,1
微家,1
心态,1
心思,2
心房,1
心机,1
心目,1
心眼,1
心碎,1
心虚,1
心跳,1
心迹,1
忍不住,1
忘记,2
忠贞,1
忧伤,1
怀有,1
怀疑,2
态度,1
思入,1
思维,1
急救,160
性变,1
性生,1
性质,1
怨怼,1
总结,1
恢复,1
恰饭,1
悸动,1
情人,2
情况,6
情感,1
情节,1
惊呼,1
惟愿,1
想到,1
想念,1
想法,2
想演,3
想着,1
想要,4
感冒,1
感到,1
感动,1
感受,2
感叹,2
感在,1
感好,1
感性,1
感情,3
感觉,2
感谢,3
愣愣,1
愿意,1
愿望,3
戏文,1
成为,4
成亲,1
成分,3
成立,1
成竹,1
成绩,1
成至,1
我用,1
战争,1
战斗,1
战死沙场,1
战虎,1
截图,1
所有人,1
所训,2
手心,2
手提式,1
手机,2
才能,1
打开,2
打戏,6
打扰,1
打架,5
打湿,1
执念,1
执着,5
找出,2
找到,1
承担,1
技术,1
抄送,1
抓住,1
抖动,1
抗老,2
抗菌,7
抗衰,1
折扣,2
抢购,1
护士,1
护肤,48
护肤品,1
报警,1
抱怨,2
抱抱,1
抽出,1
抽取,2
担心,2
拉出去,1
拍下,18
拍堤,1
拍照,1
拖出来,1
招招手,1
拥抱,1
拥有,2
择婿,1
拯救,1
拿捏,2
拿来,1
损失,1
换季,3
换装,1
掌心,32
排毒,1
排泄物,1
探案,1
接到,1
接吻,1
接连,1
控制,1
推开,2
推役,1
推测,1
推荐,2
提高,5
揭晓,1
搞笑,1
搬家,1
搭配,27
摄影,1
摄影师,1
摄影网,1
摸鱼,1
撒气,5
撩人,1
撩拨,2
撬动,1
撷来,1
擦不掉,1
擦拭,1
收紧,1
收缩,2
收脚,1
改变,6
改名,2
改善,3
攻主,1
攻击性,4
放下,1
放在,4
放开,1
放弃,3
效果,9
效题,1
救命恩人,1
教主,1
教师,1
教父,1
整体,1
敷完,1
敷料,8
文字,1
文末,2
文案,1
文汇,1
文章,3
文笔,1
料想到,1
斜阳,1
新券,1
新意,1
新服,1
新生代,1
新酚,1
新鲜,1
方法,2
旗舰店,1
无人,1
无情,1
无油,1
无法,1
无疆,1
无知,1
无遗,1
日本,2
日记,1
早起,1
时代,1
时候,42
时光,2
时刻,1
时尚,1
时微家,1
时间,3
昏倒,1
易碎,1
星现,1
星辰,1
春意,1
春水,1
是从,1
昵称,1
显得,5
晚会,1
晚安,1
暴露,1
曼海,1
月亮,1
有关,1
有所,1
有没有,1
有点,5
朋友,1
望断,1
朝臣,1
期待,3
木萄云,1
本草纲目,1
机会,2
机场,1
杀菌,1
束发,1
来得及,1
来择,1
板栗,1
果油,2
果香,1
架势,1
枷锁,1
枸橼,1
查看,2
柴米油盐,1
栀子,1
标签,1
标致,1
校园,1
样子,2
核心,2
桃花,4
梦想,1
棉花,1
棕瓶,1
棠月,1
森林,1
植物,1
榜样,1
槐花,1
橘子,1
欣慰,1
欣赏,1
欧博尼,1
欧阳,1
欺负,1
歌词,1
歌谣,1
正义,1
正事,1
正道,1
死掉,1
毁睛,1
比如,2
毛孔,2
毛衣,1
民国,2
气场,1
气死,1
气质,1
水平,1
水润,2
水用,1
求婚,1
求情,1
汇总,2
汇聚,1
江山,11
没了,1
没发,1
没有,7
没用,1
没见,1
没错,1
河流,1
油画,1
油皮,2
油腻,3
治疗,1
法兰,1
法国,1
泛红,3
泡泡,2
注意,2
泪腺,1
洗完,2
洗掉,19
洗脸,2
洗衣,1
洗衣服,1
活力,1
活动,3
活得,1
流霞,1
测评,1
浏览器,1
浑身,1
浣溪沙,1
浪漫史,1
浮力,2
浴巾,1
海洋,2
消炎,1
消磨,5
消红,1
涌入,1
润肤,1
深层,2
深情,1
混剪,1
混油,1
添加,3
清水河,1
清风,1
温感,1
游人,1
游戏,2
湿巾,3
滋养,1
滋润,18
滋潤,1
满心,1
满满,1
满足,1
滴虫,1
演唱会,1
演技,1
演艺界,1
漩涡,1
漫步,1
漫画,2
火把,1
火焰,1
火葬场,1
灰烟,1
灵气,5
灵猫,1
灵魂,1
炎症,1
点赞,1
烂泥,1
烈士,1
热巴,8
照片,7
照镜子,1
熄灯,1
爆皮,1
爬墙,1
爱情,5
爱神,1
爱美,9
爱豆,3
爱都,1
父母,1
爸妈,1
版海,2
牛肉面,1
特色,2
犯规,1
状态,34
狂欢,2
狂魔,1
狗狗,1
独具,4
独家,1
猎神,1
猛虎,1
猜想,1
猫猫,1
猫车,1
玩意儿,1
环境,1
现场,2
现实,2
现状,1
理会,1
理性,1
琉璃,1
琥珀,1
瓷妆,1
瓷实,1
生化,1
生命,1
生殖,1
生气,1
生活,4
生涯,1
生病,1
生贺,1
產品,1
用掉,1
用码,2
用词,1
用过,2
电影,1
电视,1
电视剧,3
男主,2
男人,3
男孩子,1
男宠,1
男性,1
画歌,1
画画,1
画船,1
画面,2
畅想,1
畅销,2
留下来,1
留恋,1
留言,1
留香,1
畸形,4
病弱,1
病病,1
病秧子,1
痘刷酸,1
痘痘,2
痘肌,1
痤疮,7
白皮,1
百合,1
皮肤,33
皮膚,1
监视,1
盔甲,1
盖住,1
目标,1
盲目,4
直到,3
直播,1
直角,1
相伴,1
相关,1
看不下去,1
看不到,1
看不惯,1
看到,12
看性,1
看来,1
看法,1
看爱,1
看看,1
看着,1
看见,1
看起来,4
看过,3
真棒,1
眨眼,1
眼光,2
眼睛,3
眼神,2
眼角,4
眼霜,1
睁开眼睛,1
睁眼,1
睡眠,1
睡美人,1
睡觉,2
睫毛,1
矢车菊,1
知性,1
知识,1
知道,6
矿石,1
砂糊,1
研究,1
破产,1
确认,1
碎花,1
磕碰,1
磕过,1
磨灭,1
示好,1
示持,1
礼盒,3
礼盒装,1
社群,1
神经病,1
神色,1
祭典,1
禁不住,1
私信,1
私护妖,1
种族,1
种草,1
秘籍,1
积腔,1
称为,2
程度,1
稳稳定定,1
空调,1
空间,1
穿着,1
突出,1
突破,1
窗户,1
窗纸,2
立体,1
立场,1
立马,1
笑话,1
笔砚,1
笔记,3
笨蛋,1
等待,1
答案,1
签名,1
算命,4
算是,1
篮子,1
类型,1
粉丝,2
粉刺,7
粉散粉,1
粉饼,1
精神,1
精选,4
糜烂,1
系列化,1
紅腫,1
素手,1
紫罗兰,1
紫色,1
繁花,1
红包,24
红毯,1
红衣,1
纪念,1
线条,4
练习,1
组合,1
细酌,1
终极,3
经典,1
经养,1
经纪人,1
结合,1
结婚,1
结局,1
结束,2
结果,2
绝世,1
继续,4
维稳,4
绿洲,1
绿茶,2
缅怀,1
编剧,1
编编,1
缘分,1
缺水,1
缺爱,1
网易,2
网购,24
网页,41
置顶,1
羁绊,1
羊毛,1
美丽,2
美人,8
美人儿,5
美人归,4
美人美,1
美国,2
美国进口,11
美图,1
美國,1
美女,2
美帝,1
美景,3
美绝,1
美食,3
翻唱,1
翻身,1
老太,1
老婆,3
老子,1
老张,1
老柴,1
考研,1
考运,1
耳光,1
耳机,2
联想,1
联系,1
聚会,1
聚餐,1
肄业,1
肉包,1
肉搏,1
肌密,1
肌底,1
肌用,1
肌症,1
肌瘤,1
肌肤,4
肤色,1
胆子,2
背景,1
胖子,3
胶原蛋白,14
胶状,1
能力,3
能够,3
能量,3
脑花,1
脑袋,1
脱皮,3
脸蛋,1
脸部,1
腊梅,3
腔炎,1
腰子,1
腹有,2
腺宫,1
自信,5
自动,1
自卑,1
臭渣,1
良辰,1
艺珍,1
芒果,1
芙清,12
芝迷,1
花式,1
花瓣,1
花痴,1
花絮,1
芳香,1
苦情,1
英雄,1
苹果,1
范围,1
荡漾,2
菜菜,1
萤拉入,1
营造,1
落成,1
葬送,1
葱油,1
蓝牙,2
蔷薇,1
薄饼,1
薰衣草,1
虎子,1
虎崽,1
蛊啊,1
蛊蛊,1
蜀州,1
蜕皮,1
蝴蝶,1
融化,1
蟹子,1
血清,1
行为,1
衣服,1
衣橱,1
衣物,1
补水,31
补番,1
补课,1
表现,1
表示,1
表达,1
衰雪,1
裙子,1
西域,2
要紧,1
见到,1
观看,1
规则,2
视为,1
视感,1
视频,43
觉得,8
角色,2
角鲨烷,2
解决,1
解决问题,1
解放,1
解決,1
解读,1
警幻,2
警校,1
计划,1
计谋,1
订单号,2
认错,1
讨厌,1
讨论,1
记录,1
记得,33
记忆,2
讲述,1
讳赞,1
许愿,1
论坛,1
设定,1
设想,1
设计,1
评价,1
评分,2
评剧,1
评论,2
试试,2
诗书,2
诗气,1
语子,1
语气,1
误解,1
说好,1
说明,2
请问,1
读到,1
调侃,2
调整,4
谎言,1
豆腐,1
财运,3
责任,1
质地,3
贯口,1
贴心,1
贴身,1
资讯,1
赤练,1
走走,1
赶回,1
起伏,1
起名,1
起来,6
超强,1
超棒,1
超话,1
超赞,25
跟风,4
路线,2
跳梁小丑,1
跳舞,1
蹲坑,1
身份,1
身体,4
身材,1
轨迹,1
辅料,5
辜负,1
过程,1
运势,2
近代史,1
返利,24
还有,6
还行,1
进入,1
连接,1
迫降,2
迷人,1
追星,2
追求,1
送出,2
送给,1
适合,1
逆龄,1
选择,7
通告,1
逛逛,1
造型,1
遇到,3
遇见,1
郑州,1
配方,1
酒精,1
酷妹,1
酸鸡,1
醒来,1
采用,1
采访,1
重修,1
重点,4
重生,1
铁子,1
铁面,1
银蛋,2
链接,43
锁水,2
错爱,1
锦瑟扇,1
锦鲤,2
镇定,2
镜头,1
长大,2
长安街,1
长生殿,1
长者,1
长裙,1
闪耀,1
闪闪发光,1
闭口,7
闭环,1
问题,3
闲气,1
闲聊,1
闷痘,1
防止,1
阶梯教室,1
附件炎,1
限免,1
限时,26
限量,1
陪伴,2
难不成,1
难受,1
难过,2
雅集,1
雅顿,2
雨水,1
零点,1
零花钱,1
零食,1
需要,2
震惊,1
霉菌,1
霸业,1
青春,2
静电,1
面包车,1
面巾,1
面膜,16
面霜,170
韩国,1
音乐,1
音乐剧,1
顺带,1
顺遂,1
预售,3
预言,1
领到,1
领券,26
领导,1
频传,1
颗粒,1
颜值,1
颜得,1
颜法,1
颜究,1
额头,1
颧骨,4
风声,1
风情,3
风景,1
风格,1
飘香,1
饭圈,1
饭店,7
馈超,1
首诗,1
香叶,1
香味,3
香料,1
香气,1
香氛,1
马鞭草,1
驻颜,1
骄女,1
骨科,1
高分,1
高楼,1
高考,1
鬼马,1
魅力,2
魅影,1
麒圣,1
麻麻,1
黄油,1
黄耇咏,1
黑子,1
黑眼圈,1
黑膜,1
鼓掌,1
鼻头,1
鼻子,2
鼻孔,4
鼻翼,4
